xmin,ymin,xmax,ymax,width,height,class_id,class_name
31.690410614013672,50.792137145996094,136.40725708007812,119.60505676269531,104.71684265136719,68.81291961669922,9.0,traffic light
